name,alphanumeric,autoincrement
ONQJOWSJMIJI,KWNXXYGMRCJD,1000500
QQRDNSXEPKBM,MSRGBQZQHGTM,1000501
NNVMOVRVRERO,ZMQSKSSEVLQM,1000502
KCCQQTIOWQCE,ITTLGCFTSGCG,1000503
GLBXSLISAJZP,EWZEKOYRXIJC,1000504
CRASRZUEEHLT,PXLODPGPKNPM,1000505
ZWVHYXMVBETD,VKSYQZIAQJGQ,1000506
REQIQWZEIQKX,KUWITBXFCGST,1000507
JDYBKGIIMFJQ,BMIOPCAAPIQE,1000508
QISHOKIWEHHR,DNJIRVDQOSIG,1000509
BRXBJGSDRTPV,ESIIBBYSLHEY,1000510
BDVZBOZHUWOG,SEINERJBGIGN,1000511
KWOLFHBJCVNE,FWOYJRKSWIYE,1000512
TYESUIMQZQQI,GMOMRDIEWOWF,1000513
UKVYWRDEMCXD,GXYQGKXVFZBM,1000514
QWAEOHLMQHDJ,JNWTULLGWGER,1000515
SUCHEGRPOYMR,QKPBYTJXWXLV,1000516
TJUZVKHEVUQZ,OGNRKVMAYXSA,1000517
VQPLOCTJSZQV,VOCCXLBCFOFC,1000518
VCGXUCVBEHXH,HZELUDDLWRKS,1000519
CHVQVCLGQRFV,SRDGUXAPUUVV,1000520
QNNRBEPSXGPT,ITIGWXCUSPWE,1000521
CTVFJELWQWFM,LQDWQXSWYZOS,1000522
PHULAQJDDODW,KXRZBJZIVSLS,1000523
RLVLYKTUNPLC,QOPUHLCFDDJR,1000524
EPQABWKXOBCO,LWKASQNNJIXX,1000525
HGLBALPOSHKQ,LLJJWFQSICIX,1000526
CJCIDMVBHPHS,QUEVMIPKDXJS,1000527
PSTMFFWHWFKX,QIWELXTKUBOX,1000528
NAYHMPLEOWGI,LSTXKUPFVRTP,1000529
BDCDGKHBPTKC,YAFPFNFXTHNE,1000530
XXGIVXKRQDZI,PKQNRJOUNJRX,1000531
MBRWUEUKRCJB,ZQTCLSUJRCAR,1000532
FUBTQGGPUGBX,VMXJNFYJXQJY,1000533
VCQSVJYBGXDX,EOKUMNDQCTXS,1000534
QOUVMFQWGRWJ,LCGMFYGJSFEX,1000535
DHOQHGCVLBEC,TMCPNRPHLGZT,1000536
ISUIVCVNIYWS,AOXHBUGDAAAI,1000537
IRBPNLTPBSPE,UTCITPNUIGNH,1000538
PRNJOYJHMSVU,SNPDPHQMNXOC,1000539
RGSXJAHGIKMW,KRCOYTAPQVTK,1000540
SPIROMRJFQCH,XIDGGOENOLWE,1000541
EBDUQDYPWVWP,BJRNJSVPNCUP,1000542
RIWTZHDSKSWT,TGHJVQNOQKOL,1000543
WJRJOULHZEXK,GKMIVSOTEYAU,1000544
XHLSPJFVDGYG,VVEDXJIAVSBO,1000545
HDSMJJSMWMFI,HZMAHNXBPERS,1000546
ZQSESINIPTTG,PJXOMKVUPYLE,1000547
KZFMWPWGBTPC,FCMFYRGBNSID,1000548
ZKWKNLONECNX,LDRQKLTDQFCK,1000549
ZOQVSAGHSQWJ,WMEQJIPIUPES,1000550
VYNSQKIHBYUQ,NXYYEJTHJPIN,1000551
STJHUGUIKCSK,TVPJLTGEEIKY,1000552
GWKROVRQSDOK,LHCFUYEIWZDZ,1000553
MXRRXIITDBKK,XWXQBPKCBDNK,1000554
NJYMIJTOEKWQ,VHQLBMFQHZPV,1000555
DCGGAXQTEDBR,TCQGINSOUCRG,1000556
FDFFTXMYLXXM,TKQPCCNEUCDV,1000557
FAWGPEBXWDUN,FXKEAGESDSGB,1000558
ZBHUXEVQGVKV,BZSFPXWBCLXM,1000559
VCBSACJQBGQL,MGRZXGTYBYGM,1000560
MAPBMIPUQNUU,YWROCIKGUONW,1000561
CNKOVJTUMRNO,PEZPJHTPVKBD,1000562
UWNICIEDCUMN,NOSRMQPGWUYA,1000563
THJEBRVEDHWI,ZYIWFPXBKFQJ,1000564
VNCSKBDQXFPL,WCGXQOHAYTIX,1000565
PIGEZNBIHGTH,ZFTEPDGFJHMT,1000566
DJBQIOPUSRIS,ZVYAMFWUQXAX,1000567
WLUIPLCPWOWX,KCPNSNOGEUTP,1000568
UUTPIWYVEXVP,SJOEEIJQWTQU,1000569
GHFNHKSEOTLE,MSKDCLIIUBWY,1000570
GNZTAMBGLWOX,XMQAPODULVGD,1000571
SJANBAXWNFDP,BBANTUKBTWSS,1000572
NUKUXOUCVQSJ,TGQOSPLCDNYO,1000573
NOEDXNKGBFEW,PJTNWSHTKQVG,1000574
CTOHISCDXRIT,MHYIAWBSMABY,1000575
CYIQSXZOMIBM,GWQHDYMJBXBW,1000576
OLBXRHHNDQLL,NSXXLRFARDPT,1000577
DJZHOLNDOQSP,SMIGCHDXPEBT,1000578
RJOITPUVRLEP,LJZMBJYKFINN,1000579
BCMBMJGWEIFS,LQCALJYTCWGD,1000580
UKRXVIVENXMW,VUNXDJCVLCOR,1000581
EFOGOBSWMBFJ,PREBJTLVPSKE,1000582
CMPULSPYUGOR,WEXPDLSWIQRB,1000583
NLHJXMJASULO,JHPOLFBFDFGM,1000584
PCLFADIXOBQO,OIIQDPVUHXBH,1000585
WSBNMXVPBRKJ,VEDCUTSYIWQK,1000586
UHJQJYULLKFH,KOHEJHINDQZB,1000587
TYWREGFQLBYP,YTTZNHLGWESM,1000588
JHSSBMIPPAFA,VLUKOONGJGJH,1000589
NCPLJTSXNIAF,JLMGTWIGNRBS,1000590
TDAHMJFMTJRR,SJKZVCTDVCOK,1000591
QFKTNFURNQUB,FTYSQRJPBHNN,1000592
SQTETBCLJQLS,LBBNITHTEUGJ,1000593
EYDSWKRZKXQT,DGVKNSNVFTWI,1000594
SEOGKPDVQBZJ,GAYBOQHGMWGB,1000595
HDTKWPPFFIFE,EPVTXIWSLRRH,1000596
PYMYSXHFAVRG,KXJATRSYTVQV,1000597
TVQDJFOBGEYT,AETBMHITYRKN,1000598
YCBLRUJPNUPB,HDHDHRPYBVPN,1000599
DVJUFONUJESU,QKEDPNDDXJYM,1000600
YKHPTEMJKPXQ,BOVAZFXWUXDM,1000601
IZLWWTDINIUQ,ULNDKBLCESLH,1000602
PSQHSWSLMTHK,EYXCKFZTBUVI,1000603
ABKAEPMHEUQK,PKMBKDBXFYNQ,1000604
KAFMDSFELETY,BHCHWFXWNUBH,1000605
PGEGIBWOLSRC,ARDFFIVVVJXE,1000606
XUHTDRCUQERY,TXTZBFJQXWEU,1000607
SUOYDIHJNHNB,PKHISFSPTYXN,1000608
FRJNCRXXCJKO,QUULWDVJLZBF,1000609
SLHVUYSHCWSY,JYJSSSUSBVWM,1000610
YMUHYTHLCJDW,PAVSJJWGWTDK,1000611
ISIMYWVOALTN,HEPJLOQDDQBT,1000612
SHSUDPFTOPKA,QAHBWRKEYOME,1000613
FRZCOPLATIPT,EDKRZXWKUIDO,1000614
XZROKHDNITPQ,ICNLMHNJPATB,1000615
XMTQPRYLEJYG,HRLTQSFTNEYU,1000616
SPWJXLYFVEHU,WWEKQYMYWQAC,1000617
VCVVSHIRXJHS,TMFPKNSTIHJD,1000618
SNWOWQDHHPEX,YNRBYGLKSDLY,1000619
LYIJIKUEVPXA,JIOCCGQXWKNB,1000620
IGWAKRRYTIHL,QFOEPRYQBTUM,1000621
KCCDVSFGPRDP,LBWXGCTLIGHF,1000622
RJGVBPQCBOFX,WJRASAFBBOFD,1000623
GBTBFJDVLDDM,OPACJOHVYNSI,1000624
OLWGVSTBZJND,XLQAKRQFPYPJ,1000625
LRIBJYBONBRS,FWOWGSHXJFMX,1000626
WVGSTYDUEWZZ,CPAPVUYOUQIS,1000627
CFKRPBRFMRST,VJQXFKILINIR,1000628
PIOOQGSVSTQH,RTHCPVFAGXSN,1000629
FINUKAOTZRGA,OPDGEUEBKTCC,1000630
CJACHKDEMCJZ,QKYTPGMTMGSQ,1000631
APEJBATBORBU,WQDRVEJGHVIQ,1000632
WCAKSUCQQBUY,KXSQJOJDHGUD,1000633
MBUCUWRFDHDO,FNZRSOJJBGNJ,1000634
FRIUPNODUSQN,SISFCCIBLGCX,1000635
VAILRSLCBDTE,GUFJMUWORKVY,1000636
FEXHIMIKNNXI,XHEUVSHMYLDK,1000637
RAENLCCGGXSI,LBSXYTHJOAGT,1000638
TFDQFHWHRCYA,PBXWJSCVAOHB,1000639
YKJRIUWQKFIA,GMVYMISEVKIK,1000640
NVTKJMRJVZLV,WVDWBJXYBVSF,1000641
MCETSMSJUDBI,XFFQRBLFCGOQ,1000642
MBEKGQGQTGVY,SWCDYFKETQBP,1000643
VEDAMFRWYKKF,RIBVBVZPVMBA,1000644
SLCEVTZDZYDG,FDDRSYLVCPVM,1000645
JMBCGGKJDDSL,TKUTGWPBRTCN,1000646
YCQWICEJFODM,KMDSDYQNKMOW,1000647
NTOUNMDVLHLN,WMSNEDPAVHKR,1000648
DEXEYUXWMMQT,DNHUTBUNNFSX,1000649
DMONCLAGERFE,GFHRIFHPZENR,1000650
AZSTXVMUYSBC,JKCQRYBBEHIX,1000651
LLPNRIYSNGFB,VUMOMEREGOCP,1000652
NPBPVMMGUFLB,WOIZXGTMKVLD,1000653
SJMLGHWBOTRB,YFTCAVRFACWQ,1000654
DYPPNANLURTH,JJLVTVZSIYMX,1000655
KJQIMFLELJLH,WBIKZUGPORRO,1000656
IKDBHLMUBIES,JHQVMVUVIEPH,1000657
RGJXIBDXJGEN,HAETDOYIRIMX,1000658
NTUAGKDUIHJZ,WLDNSKTATCLF,1000659
RCOLCRXTVAGE,TOSFVDJCCPOT,1000660
XFKAJRVAOLBH,JBYKENEVTLKG,1000661
VWXMOFUIYGKS,AQFGHHPUMIDM,1000662
FZDXCDIRLHHT,NGIOQOFNFGNJ,1000663
MCBHKYRLGWVL,TMIOXXOVGJGD,1000664
ESNXCYBECVTG,MSBLXSHCWCVB,1000665
NNWNDOEWBLCV,JKFDULQQVEON,1000666
OGNMYXOHHMCX,QJCRXGXBBTGF,1000667
VKKOUWVKPVOJ,ELFXLHLHYAMN,1000668
HUUFQJCKDGEJ,CMAPUSFKWHSO,1000669
ZLRBYQQVOHVH,TRMEUTZGDKQB,1000670
YSFDEPOKQDDO,ZPHTKFMAQPGU,1000671
XVJQQOKIIJLS,RUKFIMZMWVYV,1000672
CRVQIVBMGWOI,RIXZRTRHXUTR,1000673
UYMTWOUYBCDP,GLENWXUYWDJX,1000674
FEHKKVCOONKU,HKPWQTVSEXXA,1000675
WBIZSNGJIVJR,UDJEVIPCMIOV,1000676
QMMMJNHXXJEJ,XTUKHOOPAJBH,1000677
SHPNWUNYZPHT,EGGKFMHAXTNY,1000678
NQNAVLJCNRTP,MWUOPLBUMGHS,1000679
BEIFJEJREFZQ,JOFGRIBYJOOM,1000680
GHNYJCCPIRDM,KHAYUXVHIEFC,1000681
XTKEDFRQYRYX,HJWJRLBLJIZZ,1000682
NGOMAGPCLFRG,UNVSSPYWPIJD,1000683
IAGUDIQEKSYI,PDKWDDFDOUDT,1000684
YSJGFHEVJWRK,XSXPQLFAKOLB,1000685
YFGOIGXYPUGY,FHRNYOJNIAJC,1000686
KIHTECTPXLMU,GKYKFCGFBEWB,1000687
YNCMGEHOPSHT,GTINBBZQHSYE,1000688
TAQDHTXHKGJC,SVWAERTLEMNK,1000689
QQZNPINBRIFF,JQPQKUHMRXWE,1000690
RFVTOSHEEIHS,DZMJGXCXEQMQ,1000691
PCPVKFYHUFPF,UILEBEQJGIBO,1000692
LXCVVTVAMJGJ,IHHBEKFZHMSU,1000693
YQCPTKXRLRIL,UQJZTTVQZNSJ,1000694
EYKBRSWJKQNJ,HWXPLWSMNLDZ,1000695
MKUXLIDHMTXH,OLFRRQOXDEFV,1000696
NHCWHNPDALBC,KQMRWERYRSXP,1000697
KHIHCTCIUYTV,JYUNAMICQRUM,1000698
KLJDRGRVKLCE,RLXJQBHSPUGQ,1000699
LQHQWSEBSPVV,RSQFIQYFMHBM,1000700
ZERJCHYGUWIB,BJUTJNXACUXF,1000701
DKPWNMCUOKMN,QVKWLVEQQGJP,1000702
HLDUKXOAFOMW,DJIWGWZMXCWU,1000703
IAGOPSBEFIRL,ZUBZVTBOPLVN,1000704
XMXDLVLGWLYT,UQWCAWJMLAVP,1000705
OSYMUDIKALQJ,CBQQGOSRDRMR,1000706
IFQKDDSRMRCI,FRFPTWFVQBXO,1000707
JEPVXYAOFPJA,BGLUXXCMXLPQ,1000708
WPKAAMVMBHYI,ZKOXFCLIBKWE,1000709
QYIHVPDBJVKW,FWVTXVXGFCML,1000710
DPVRYXPXJVEV,PBJQMFNHYXVF,1000711
VFPOXQYKELBT,IOTNSPVQJBZQ,1000712
BTXJJBYFQXDV,VZYWEVSIKBPS,1000713
VQDURRPRHGMH,BWGPLGLEORPR,1000714
PGCNTWTJRYOL,QQDCQDLIZLYS,1000715
SLRMUYBXTTOM,KPNWPGBGWVUH,1000716
PBNOODONGKHE,KYTKDLLYTDSC,1000717
BWUGTHRQBPDH,BTCBYOUNVKEX,1000718
XSBBXFTGJPJI,GZSKVNJWGQTW,1000719
WVCOJYDSPETQ,TBSYKIXWBULN,1000720
MDWNFMYNROJA,USGXVXPBFMBY,1000721
HOJQJEJQVHRR,DVTBKODQQPGU,1000722
BPWEOMPGDIXC,HGHLYWEZGSBL,1000723
SVUQLMWIMCKB,BWGTLBYCNYRL,1000724
LLUCPGQGBJBG,JJGEQULQXMXJ,1000725
JCLEVHYSUSCF,NYLQCPNEGGPH,1000726
HSAVMOOWJARM,LFCFOTJWWNTI,1000727
DPTFDHSFRNYM,OMZWFUSPTJSV,1000728
WBPWCSKPSOGJ,IUVCWSHRTDFH,1000729
XMRMEFXBRTOO,CTUEUKYPXBJF,1000730
BEUNUMCGAAFF,TDNLDNKSGFMK,1000731
UOGBTVVIKTUT,MKPLMXDEXJHQ,1000732
PDKVWILDVBVL,DQOQRDXDTBWV,1000733
EFVXTIWZKLBP,GDVWQBHAVQLE,1000734
WTLQPOBYHMHH,RZTSXBBNAQCO,1000735
UCXHKIQHOMSA,LVOIVNIVVZBQ,1000736
UXWXGBBRTLUH,NDAVXWUWGATW,1000737
QYFIPIJOEKMP,NVVBPYSJEGWJ,1000738
KVFPXRRLGXES,YNXAQCUBMSMH,1000739
IKECPQHWDTTJ,JMKWDPELZHTS,1000740
EHSFACTSEHPF,VVNPIDYVHKHV,1000741
XIOBRGSHIRLG,JNSUPLDFBQWG,1000742
NOSKYTIXDENK,NWCVNWYWHITV,1000743
FVQQMXVNUWXW,VNYTYRCWJULT,1000744
TDILKKRFFJCB,YOVENUBSEXVX,1000745
LSLEESAWYODH,EYDSPTBBTABX,1000746
UUGEJNYGBYST,RSOOLLGNGRJO,1000747
JJMFTWEMWITC,SNRBGAMUIOKB,1000748
NRRZVSDNUFIK,VENFFJVZKJPX,1000749
OWSUJQBJZELG,RJLMECCBDOLZ,1000750
SDWKXDCESYBK,LDBGNENKGWJS,1000751
QDVOQYBUUJCR,EMIMGYBFIPMB,1000752
ISFKQVSBAQIN,EQQBXSFTSIJX,1000753
WKZOQEEFVXFC,WLXMBPNOQKTA,1000754
RCWLJASZHXQP,WCJHPGWLDXKV,1000755
MDUDZSWYOVIR,HPNVSLMLRFBT,1000756
XLUVTCPVJHSP,EHGOGENMBQIW,1000757
IGCCHIVWNZMD,OVKWJGFOCWOV,1000758
PGRJRNLSROFC,EBPIEGAPUMVL,1000759
FYPOODRDCDHP,HBBOXBTTSBQS,1000760
TDMNUPVHNNNF,PGDJRUVUOEPB,1000761
XYWNJICMXDGC,NPICBUTEWDUO,1000762
CVNJSULSJBPG,HNVDTKSVFITM,1000763
OPPIVVQPYYNY,VSPSOVTTUIWP,1000764
GIPPYRELBRVO,OHMSNVMJKVJC,1000765
IGQCPOPOOGIM,YMDKTROBODWO,1000766
TORHLQXQOIAI,EHNHQIOGUATC,1000767
FJERFRXTQSLY,AROBEHBNGEDU,1000768
HWWUOCCXBUES,SSHFVSOHJIYE,1000769
IHLDTWOHMFIX,PBBPETKVQJUN,1000770
QHLOFDMJYHFZ,NERNQFQSCRNI,1000771
VFFNPTJTYYEE,KLSZKNDUWCTD,1000772
HALPIVJFESCX,UKVJHGVGHYKE,1000773
GMGGGIZHWJRF,CDSHLXDLVRXB,1000774
TDXQJGNTSRNG,WNQITEMPGSAS,1000775
DAKDKQXLLBUB,MVFLBRLRMDII,1000776
OCBGBGWAWIHW,OCSDCLLQJUBC,1000777
ZOJCTAWLHKOG,LUHCWTRJFEYJ,1000778
NZWHCTYEPPKQ,UPQZSZVFKKKC,1000779
UUIVCOSJOFWY,OTSCMJDLOIHM,1000780
HMBLRIKSPQUN,EWZVDYCHSGHJ,1000781
PIZCOKOWXNSC,KFVONMPSMXKZ,1000782
JAJHRQOZKELK,CNHMOTZOGTYV,1000783
OVJSCPKGWTIV,KSYXRDGSINBT,1000784
WYDLFHEEGAEM,SXWBRQMXKWEO,1000785
ITEWLHGLCBJQ,CDWKEMSLOUPZ,1000786
OMLGKIUYUASC,UNQYXDQLYYLH,1000787
CLGRIXDVOIFF,ZEXVLNSYFFRL,1000788
MJEEECQWLDJB,ZOURIXOQGGIJ,1000789
MBCQNPYRMKGX,BLMFCQIIRUJR,1000790
IGFRWMYBNLQR,RJERNPHMYBTI,1000791
ZHJHZJQJHHLC,DSGMYOMLSIBS,1000792
FBZVMBMANQWW,HJDUZQNGVDWN,1000793
WSDRSIQSAWPU,KIPMJQVEYLUU,1000794
URNKMNRMLZLH,GEIXWVLVTOZG,1000795
SUZQZWPMKRCF,KLEWIPKTPXRY,1000796
EIYLBIPEVTJE,LLNAUUCLCBZO,1000797
VRVNVSMOZKKS,YKFDGFSCNBNG,1000798
DLSRVYXBRUIW,XQFSSHCNJJJM,1000799
ZYRKFUAXRXTD,DRCVRFGPCZMO,1000800
JBGMQKSDEZFQ,JBTFPZXVWETB,1000801
ORBCMSTYUNJY,CXXYINGJWMFM,1000802
EUHLKKUOQXUH,TSDNRRMKEMIG,1000803
BPEBSLWXRIFX,PBKDBWUQQVFE,1000804
SAAFPSKBUEPU,MNIWCHNYWJOQ,1000805
FVFBCTTVPIWL,SMCJZYMLEPCD,1000806
DJWCYAFFITZV,HQMHXNRVNFGI,1000807
VWTOYYTTSUGR,BYMVVVXMWXTC,1000808
LPZFHMFCAPZE,CGULNPDLXKRB,1000809
KKLQUEKUJZLO,GPFEKHVSJCQH,1000810
XFLSJBBFWMKD,AKWTILXVDJQG,1000811
XGEIAESLZZNU,HABRKPMAAHWN,1000812
VFGHUOJPNIVG,FVYNLMBISTHZ,1000813
ICFMDFEWIUMP,GNRVXNFUACHU,1000814
JLXVAFODFBHN,OOCSBIXDNMQO,1000815
KSORAPGHDTFL,XISHJSBJZWES,1000816
IFSNUCRLVCQX,VRCIEWYGBMFS,1000817
OYTIQMYRBAEW,FVTTWVNPSYPV,1000818
WPOKDRIAFCDP,WSDYGUPSLHTT,1000819
YNCPMLEYQNIH,WGMTDSXMLKJH,1000820
DTDJTCMGWVBO,SNXDSWDXXXND,1000821
KDRIIXRIUROM,JTUQCTXPVXPL,1000822
OVEHBCOOYOXP,EUILTGMVKORQ,1000823
MEVYEDYQFCHZ,RWUBMTKOGNRT,1000824
XVLKZLJOOMNS,HREWWXHITEWH,1000825
BEOWFVOQEVIS,FIFWFVCDUYDE,1000826
VKQVNKTHZIEU,ZCVESGCYRGHN,1000827
WUWEPJPXZZLT,SUXHMRQRTPXT,1000828
TZLXEPKCQIFG,UYTRLLFYAVXT,1000829
YRZEDPYQYZAP,QSKGGBFOQXPB,1000830
SZSPQQWHJSSD,NXEISWDGNSMM,1000831
TJEFGZHBDXWE,HDYTAAGUDRJB,1000832
ADRQYOEMYKYV,FETPKQIEBEXL,1000833
OGVJFPDUSUDJ,TMYYYPCPHVOA,1000834
QIZKVVKKOARX,DINYFOKXMNLF,1000835
SKTBJIWUFSHA,QPHESKLPLOGH,1000836
CIKXRNVAFMSF,VUHXHROJILCK,1000837
GNVALKXGRYON,DQRDHOOLSJGB,1000838
HHBHDYHTDGEY,OEXNUTZWWHYC,1000839
NZIYPFIEMUOY,KUDJUTQDULQT,1000840
LQFWOAZLBULM,CODWUZXQTUBN,1000841
RPUTLKQQRTQK,CIVUWJQCKREN,1000842
FLKFHFIUHOYA,WOVUTBHYFUXK,1000843
YJRZHSHOCFOW,MIYRIVHBOGVX,1000844
SJRUNLNNGYYG,POXBNDYIZCYJ,1000845
YEEDJQATNWNU,UTNHWYQYNBML,1000846
WCDVMLEYFFMO,KPWJFSEFOIAA,1000847
GKZYJQQPBYDB,RDFOYCRRMYGA,1000848
OTPVHTOGHUPN,LLOCVUKQTYGI,1000849
OIPRYSDBLNRE,NAZLIHXJQQFN,1000850
LFKQIKKIDYPZ,DGDIWHMWYCBH,1000851
OFVCOENTOKLY,PUFBNSTTWXXY,1000852
WADGQRUAVHUX,JFLDGHJMGMLP,1000853
MBSGRUXCOCNB,NHCKORHSQJDR,1000854
WJHVVVOKCHZD,IKIJQTBRYPBP,1000855
OMGLPEGXBBSV,TJMGGTMCPZLP,1000856
SOGIWFTVJBPK,MJGBRWGWDUHS,1000857
VFZPNLMZMXIJ,TEDYXDFKHKHW,1000858
WLRUWIOGQNKI,YVLVXUPVMSFR,1000859
USSMNIXHOCEK,IAXUILCWSCOZ,1000860
QULGBKIILTHS,AKGCVRCFSYJM,1000861
EGFMYYOKNDPG,JDVJAFOJZDZN,1000862
KCCQJXWHVUVY,LDBBXNGWYEEY,1000863
JXKSICOWFHUO,EMXTRDMRDEVY,1000864
NUCRFUFVIOQI,HSSVJOTZWFWE,1000865
BMOBEZNXBKEY,DDKMDNVORFQG,1000866
CISJFSTPPCIL,UHKFDYJEAGJJ,1000867
ZIPBTRJTEDFH,POQRLOSMITMX,1000868
VMPGOXHSWCHX,LJLVZDIXSOPU,1000869
VWARXXYAMFMK,HTMTWGCDSBTP,1000870
QYLWKTVRZCSJ,ULQRIHNMYDBV,1000871
CQEPKUJICCLY,HKIYHNQOJHKP,1000872
IWYAFHEMEJRJ,JSNPOISMKYXW,1000873
GPXZPNHTKLTL,IJTQPOQNPPSG,1000874
JCLZXVTJRRMT,KWGLYZBIHBTR,1000875
NBHUELMNFNVI,LQQGGYFFKQZQ,1000876
POVISFSEBCWF,TZZLUIUCSTMQ,1000877
BWYIAQXQVLGM,OKEUJKEAAFRY,1000878
QARULBMIYDCR,MHPKJOEKXVTN,1000879
IUFRJNSLUEVZ,CMEFHSNLJWHQ,1000880
JJRSBUUZVXTL,ULBFXBWOKRKU,1000881
BUCSSROHNWCM,UDSZWTHFVFGH,1000882
CKRFYZIIMSKY,FJDKNTYESWZC,1000883
IRLJUEMGQBNP,ITRGOKUWHRIO,1000884
CYTUYUHRPNXC,DBETPBSOBZHH,1000885
BFTIELKNREZM,QQBCTPTWGKSI,1000886
EMECIAVFFLJD,QSJZBVENVUPX,1000887
NAMBPTNLNAWJ,QODEBOPVEVNT,1000888
SYSNHVLTKXOQ,MDJSFDDEVKVK,1000889
BMVGQTZGUPFI,XLVFFTJCSEHO,1000890
MDBYNKVPIJRQ,TWMMNHUHJNSU,1000891
UBOFBQSSNAGH,QKNTQWNJRBLY,1000892
NZPUPBKZDLWU,WXUHRQZWYFUA,1000893
DRRJPQCNLWXK,YJYBSJDZGXLD,1000894
AYKFMZFINPNC,SVGDQXBVPVZA,1000895
RHIOHBYSIBMA,KBHSXUVXNFYQ,1000896
HHCKRRNINTVY,GPMYSTCLPJDO,1000897
FRCNFSXJFFIW,BNTLYDQNOSYF,1000898
XJLRLAEBPHER,OEXYOFXBRNUY,1000899
XKXCXVADIESD,GUICYJMWZITV,1000900
STYEMQMNUKCL,LGCSYTTDUHJT,1000901
LBWPJTHVUXKU,HOFINQHCEUFJ,1000902
WTBTKRSDKVVM,BJQMEIPDSTWQ,1000903
LSLGDVDXRNED,IWWHUOXIVOIS,1000904
BMJCFUYKOLJI,ITUSGOEYRHMN,1000905
XXHSIZOJCTYM,MCYROBIAIBZX,1000906
FTAEKILCCLYO,BHFJEKYEKFBP,1000907
LNIMDXPTVTSP,KJNJPJUDCYVG,1000908
ETXVLDXXQGII,BSEDEYSNZMOT,1000909
YOWAWVPNCNDT,NBLBPKROZMPP,1000910
WTOHDIUVMFGA,OKETTCIWQUYW,1000911
GYDJHHRCFNQS,DXXAHJLBQPMR,1000912
FDNKRXYHTCNM,WQHEKEOUENXO,1000913
BYYAVPJBRISQ,XISMHFUYYPIV,1000914
QQUBGEWSWPJA,KUISBNXGQHLG,1000915
XKMORDHTOHLP,YCHFRCZNJDFR,1000916
RCESTXDXCQMC,ARRWMPHCWKCK,1000917
FZGOPISHTBDO,OOXPBUZGFLBV,1000918
USOSXNRRIVXB,FVYVIZJGVOBP,1000919
FVLEVCHNOGIB,BKFGHJUMRFPU,1000920
HXWJCUMWXHNT,PLRCRALBKIWV,1000921
IMMPWCKEJUEI,BHDEERKGPOID,1000922
TYJULCIJNLGF,CDXHOJIPXIXX,1000923
TTTLRLZHEMLM,HCNGSYMVNVLF,1000924
GYMCHRJTQUKA,RSIMVQLJUYAC,1000925
FDMVNXTULKNC,PAPLOJJRLKAR,1000926
GMNFIHGCTWEX,UDWUGBPMOSJI,1000927
KBXEKIZWEINK,CUWFFYXOZCWG,1000928
XBXKZOEBKUUQ,IVNMPHSSNNNZ,1000929
DUJWWUYNDEVO,PXBDKICLDTLC,1000930
MHJCOZITRTOH,SIQXFQNRPHDH,1000931
ZBWKLYFTHASX,LXTGIQQIAYTW,1000932
KYFPUVVWKPFV,VBGTWYQFRKRA,1000933
HHSWHRWHBBGD,SXVGGQRDHMVT,1000934
SUERWVIYLKJI,LVDGIRUMEYIG,1000935
JJJFEWJPSLZR,IUHZHMKYEGNK,1000936
YEQMNREGFTNX,RLSHQPHNSVRV,1000937
CRRMYJUFODAQ,IOSIUTQCHATD,1000938
RNRNFVWIMRID,QSRVXFBXKCYT,1000939
IDHOYGFURXEK,HLMEFBCXQXQT,1000940
KDRTNNOCUSGG,DHJNVVYRKVBS,1000941
KWGETOALABOV,VMCUKYOOBWIJ,1000942
XNYMRBDEUFXL,YVBMUEINPWCG,1000943
GXVCSOZRWRKG,XTDGXSKFFHQY,1000944
LEWFAMSHHNAF,EMEFBRTZYXJB,1000945
BYOWWUKVQFFB,JQWGRHERIRYD,1000946
WQBJCBIXSNUR,INLPNBEWQEKJ,1000947
NCJXWJZXYGRC,OEHJREDOTFPX,1000948
KEXQQGPAIUGV,WDUHPUJXUCZG,1000949
MQELKGKKYSZH,FHUDDUWPEKCB,1000950
DDSWWQRZSJDN,RFLNDFJOMCVH,1000951
PKTSXRTCDJUF,EMFMCBGNJNXW,1000952
LQYSEDALKHQV,OUKHRKMBDXNR,1000953
OWWCMOFWZPWP,HBOYJGWQPCGR,1000954
EBYUXWSUFIHS,TQJJPZKXTPYP,1000955
XUSIUJFNDJPY,MPGDRXHXVKRK,1000956
QTXJOLRAVLTN,TSOTDPYKKZZL,1000957
DVBIHJSXDAIS,EXQRWORJXXOS,1000958
RKDQWFJGMVLT,LIPMHTGRTWDU,1000959
HMUYFAMTGFYA,EPHPKOSUQJYH,1000960
MFDDEKAPUFAI,AYVCNULHYFFQ,1000961
ZKVITGXKRDFP,AQJKZMZXBDFQ,1000962
POJSQYBXCVVN,OVRZYBBFPMKU,1000963
MVQFCVOGWPEU,IQIQYGXVDYBB,1000964
JXWVJVVKVVEP,PHLYTQKHJXTM,1000965
YXFGRIFVDRLU,XDCOBRWJHFRN,1000966
YPFDGXSCGGVK,RUFVFQOLOLVR,1000967
NUGFVKDPFUDD,SLBJNNTLHQTE,1000968
JGBRPVQZHMFK,TKUFGMEVWYTV,1000969
PQFANHLWOEGD,RHMDXDXXIPLN,1000970
MYCJUBZUTDDU,LRTKFGFRTSBC,1000971
ORYUIFDWUFMR,FIBNOEQMPBRX,1000972
SUBMXECDXBOH,NHHALEHVCVGZ,1000973
VIEAFTPYVKIX,ROQMYEQDFYFN,1000974
GXCZSIAJESBM,BETOXWIIUWXI,1000975
IGIDMWKYGIGW,XULQPQOPONQB,1000976
SCKZDLKGHVOM,PDKEQFYTTFQV,1000977
HAJVHUWILKZF,EKTEPXFEQKGD,1000978
ANVTLSSBKORO,NISRJBDYCCKB,1000979
NLUEBNNZGSIE,WQUNINUDYVDK,1000980
IHNOMPAPOJFB,YRNUJTDZXFRD,1000981
LMHUBYUVQZOX,IUXTEDKXMGDQ,1000982
CIZGJBGRBBEC,IMBPUJPCLQJH,1000983
HSFOSTEZQKIX,FFYDAKLKDEUT,1000984
NOHZFCWKWQHF,XVUBBELOTVXY,1000985
YMHVOTXOHEUD,JFRDOTOEMTGY,1000986
UMLGRKWITCIV,DXPGXDTAXMLG,1000987
OHOMSRGEWDHP,OHCYDGPEDOEP,1000988
SPOFAUUKDZDB,JTILBJRMGODT,1000989
LPWXBKLENOBG,XWNPEILVWGUL,1000990
XJPOMQHKQFWL,FFSTXGMYBNES,1000991
BJYTQFHJRDGM,VIKFQPWDBITS,1000992
GRKFHOCWTNUI,DGTPHTUCTCKL,1000993
EMYXNXDJQWJJ,NIVKHDJMTLCS,1000994
DBCEURTITNHC,QRHGIYPRENGH,1000995
URDGTJQSNIHK,CLOYQDICGBFG,1000996
EGDJSSJIYXHS,RUOFHVYIVLGW,1000997
VDKTTEVHAWXL,OEZHXQPBOVPH,1000998
ZBNYVXUIEDPA,IUTNSKZPHWEZ,1000999
